step,task_complexity,automation_available
1,1,1
2,1,1
3,0,1
4,0,1
5,0,1
6,1,1
7,1,1
8,1,1
9,1,1
10,1,1
11,1,1
12,1,1
13,1,1
14,1,1
15,1,1
16,1,1
17,1,1
18,1,1
19,1,1
20,1,1
21,1,1
22,1,1
23,1,1
24,0,1
25,0,1
26,1,1
27,1,1
28,1,1
29,1,1
30,1,1
31,1,1
32,1,1
33,1,1
34,1,1
35,1,1
36,1,1
37,1,1
38,1,1
39,0,1
40,0,1
41,0,1
42,1,1
43,1,1
44,0,1
45,0,1
46,1,1
47,1,1
48,1,1
49,1,1
50,1,1
51,1,1
52,1,1
53,1,1
54,1,1
55,1,1
56,0,1
57,0,1
58,0,1
59,0,1
60,1,1
61,1,1
62,1,1
63,1,1
64,1,1
65,1,1
66,1,1
67,1,1
68,0,1
69,1,1
70,1,1
71,0,1
72,0,1
73,0,1
74,0,1
75,0,1
76,0,1
77,1,1
78,1,1
79,0,1
80,1,1
81,1,1
82,1,1
83,1,1
84,1,1
85,1,1
86,1,1
87,1,1
88,1,1
89,1,1
90,1,1
91,1,1
92,0,1
93,1,1
94,1,1
95,1,1
96,0,1
97,0,1
98,0,1
99,1,1
100,1,1
